{
  "compressionlevel": -1,
  "height": 20,
  "infinite": false,
  "layers": [
    {
      "data": [
        30408,
        30409,
        30410,
        30411,
        30412,
        30413,
        30414,
        30415,
        30416,
        30417,
        30418,
        30419,
        30420,
        30421,
        30422,
        30423,
        30424,
        30425,
        30426,
        30427,
        30428,
        30429,
        30430,
        30431,
        30432,
        30433,
        30434,
        30435,
        30436,
        30437,
        30438,
        30439,
        30440,
        30441,
        30442,
        30443,
        30444,
        30445,
        30446,
        30447,
        30448,
        30449,
        30450,
        30451,
        30452,
        30453,
        30454,
        30455,
        30456,
        30457,
        30728,
        30729,
        30730,
        30731,
        30732,
        30733,
        30734,
        30735,
        30736,
        30737,
        30738,
        30739,
        30740,
        30741,
        30742,
        30743,
        30744,
        30745,
        30746,
        30747,
        30748,
        30749,
        30750,
        30751,
        30752,
        30753,
        30754,
        30755,
        30756,
        30757,
        30758,
        30759,
        30760,
        30761,
        30762,
        30763,
        30764,
        30765,
        30766,
        30767,
        30768,
        30769,
        30770,
        30771,
        30772,
        30773,
        30774,
        30775,
        30776,
        30777,
        31048,
        31049,
        31050,
        31051,
        31052,
        31053,
        31054,
        31055,
        31056,
        31057,
        31058,
        31059,
        31060,
        31061,
        31062,
        31063,
        31064,
        31065,
        31066,
        31067,
        31068,
        31069,
        31070,
        31071,
        31072,
        31073,
        31074,
        31075,
        31076,
        31077,
        31078,
        31079,
        31080,
        31081,
        31082,
        31083,
        31084,
        31085,
        31086,
        31087,
        31088,
        31089,
        31090,
        31091,
        31092,
        31093,
        31094,
        31095,
        31096,
        31097,
        31368,
        31369,
        31370,
        31371,
        31372,
        31373,
        31374,
        31375,
        31376,
        31377,
        31378,
        31379,
        31380,
        31381,
        31382,
        31383,
        31384,
        31385,
        31386,
        31387,
        31388,
        31389,
        31390,
        31391,
        31392,
        31393,
        31394,
        31395,
        31396,
        31397,
        31398,
        31399,
        31400,
        31401,
        31402,
        31403,
        31404,
        31405,
        31406,
        31407,
        31408,
        31409,
        31410,
        31411,
        31412,
        31413,
        31414,
        31415,
        31416,
        31417,
        31688,
        31689,
        31690,
        31691,
        31692,
        31693,
        31694,
        31695,
        31696,
        31697,
        31698,
        31699,
        31700,
        31701,
        31702,
        31703,
        31704,
        31705,
        31706,
        31707,
        31708,
        31709,
        31710,
        31711,
        31712,
        31713,
        31714,
        31715,
        31716,
        31717,
        31718,
        31719,
        31720,
        31721,
        31722,
        31723,
        31724,
        31725,
        31726,
        31727,
        31728,
        31729,
        31730,
        31731,
        31732,
        31733,
        31734,
        31735,
        31736,
        31737,
        32008,
        32009,
        32010,
        32011,
        32012,
        32013,
        32014,
        32015,
        32016,
        32017,
        32018,
        32019,
        32020,
        32021,
        32022,
        32023,
        32024,
        32025,
        32026,
        32027,
        32028,
        32029,
        32030,
        32031,
        32032,
        32033,
        32034,
        32035,
        32036,
        32037,
        32038,
        32039,
        32040,
        32041,
        32042,
        32043,
        32044,
        32045,
        32046,
        32047,
        32048,
        32049,
        32050,
        32051,
        32052,
        32053,
        32054,
        32055,
        32056,
        32057,
        32328,
        32329,
        32330,
        32331,
        32332,
        32333,
        32334,
        32335,
        32336,
        32337,
        32338,
        32339,
        32340,
        32341,
        32342,
        32343,
        32344,
        32345,
        32346,
        32347,
        32348,
        32349,
        32350,
        32351,
        32352,
        32353,
        32354,
        32355,
        32356,
        32357,
        32358,
        32359,
        32360,
        32361,
        32362,
        32363,
        32364,
        32365,
        32366,
        32367,
        32368,
        32369,
        32370,
        32371,
        32372,
        32373,
        32374,
        32375,
        32376,
        32377,
        32648,
        32649,
        32650,
        32651,
        32652,
        32653,
        32654,
        32655,
        32656,
        32657,
        32658,
        32659,
        32660,
        32661,
        32662,
        32663,
        32664,
        32665,
        32666,
        32667,
        32668,
        32669,
        32670,
        32671,
        32672,
        32673,
        32674,
        32675,
        32676,
        32677,
        32678,
        32679,
        32680,
        32681,
        32682,
        32683,
        32684,
        32685,
        32686,
        32687,
        32688,
        32689,
        32690,
        32691,
        32692,
        32693,
        32694,
        32695,
        32696,
        32697,
        32968,
        32969,
        32970,
        32971,
        32972,
        32973,
        32974,
        32975,
        32976,
        32977,
        32978,
        32979,
        32980,
        32981,
        32982,
        32983,
        32984,
        32985,
        32986,
        32987,
        32988,
        32989,
        32990,
        32991,
        32992,
        32993,
        32994,
        32995,
        32996,
        32997,
        32998,
        32999,
        33000,
        33001,
        33002,
        33003,
        33004,
        33005,
        33006,
        33007,
        33008,
        33009,
        33010,
        33011,
        33012,
        33013,
        33014,
        33015,
        33016,
        33017,
        33288,
        33289,
        33290,
        33291,
        33292,
        33293,
        33294,
        33295,
        33296,
        33297,
        33298,
        33299,
        33300,
        33301,
        33302,
        33303,
        33304,
        33305,
        33306,
        33307,
        33308,
        33309,
        33310,
        33311,
        33312,
        33313,
        33314,
        33315,
        33316,
        33317,
        33318,
        33319,
        33320,
        33321,
        33322,
        33323,
        33324,
        33325,
        33326,
        33327,
        33328,
        33329,
        33330,
        33331,
        33332,
        33333,
        33334,
        33335,
        33336,
        33337,
        33608,
        33609,
        33610,
        33611,
        33612,
        33613,
        33614,
        33615,
        33616,
        33617,
        33618,
        33619,
        33620,
        33621,
        33622,
        33623,
        33624,
        33625,
        33626,
        33627,
        33628,
        33629,
        33630,
        33631,
        33632,
        33633,
        33634,
        33635,
        33636,
        33637,
        33638,
        33639,
        33640,
        33641,
        33642,
        33643,
        33644,
        33645,
        33646,
        33647,
        33648,
        33649,
        33650,
        33651,
        33652,
        33653,
        33654,
        33655,
        33656,
        33657,
        33928,
        33929,
        33930,
        33931,
        33932,
        33933,
        33934,
        33935,
        33936,
        33937,
        33938,
        33939,
        33940,
        33941,
        33942,
        33943,
        33944,
        33945,
        33946,
        33947,
        33948,
        33949,
        33950,
        33951,
        33952,
        33953,
        33954,
        33955,
        33956,
        33957,
        33958,
        33959,
        33960,
        33961,
        33962,
        33963,
        33964,
        33965,
        33966,
        33967,
        33968,
        33969,
        33970,
        33971,
        33972,
        33973,
        33974,
        33975,
        33976,
        33977,
        34248,
        34249,
        34250,
        34251,
        34252,
        34253,
        34254,
        34255,
        34256,
        34257,
        34258,
        34259,
        34260,
        34261,
        34262,
        34263,
        34264,
        34265,
        34266,
        34267,
        34268,
        34269,
        34270,
        34271,
        34272,
        34273,
        34274,
        34275,
        34276,
        34277,
        34278,
        34279,
        34280,
        34281,
        34282,
        34283,
        34284,
        34285,
        34286,
        34287,
        34288,
        34289,
        34290,
        34291,
        34292,
        34293,
        34294,
        34295,
        34296,
        34297,
        34568,
        34569,
        34570,
        34571,
        34572,
        34573,
        34574,
        34575,
        34576,
        34577,
        34578,
        34579,
        34580,
        34581,
        34582,
        34583,
        34584,
        34585,
        34586,
        34587,
        34588,
        34589,
        34590,
        34591,
        34592,
        34593,
        34594,
        34595,
        34596,
        34597,
        34598,
        34599,
        34600,
        34601,
        34602,
        34603,
        34604,
        34605,
        34606,
        34607,
        34608,
        34609,
        34610,
        34611,
        34612,
        34613,
        34614,
        34615,
        34616,
        34617,
        34888,
        34889,
        34890,
        34891,
        34892,
        34893,
        34894,
        34895,
        34896,
        34897,
        34898,
        34899,
        34900,
        34901,
        34902,
        34903,
        34904,
        34905,
        34906,
        34907,
        34908,
        34909,
        34910,
        34911,
        34912,
        34913,
        34914,
        34915,
        34916,
        34917,
        34918,
        34919,
        34920,
        34921,
        34922,
        34923,
        34924,
        34925,
        34926,
        34927,
        34928,
        34929,
        34930,
        34931,
        34932,
        34933,
        34934,
        34935,
        34936,
        34937,
        0,
        0,
        0,
        0,
        0,
        0,
        0,
        0,
        0,
        0,
        0,
        0,
        0,
        0,
        0,
        0,
        0,
        0,
        0,
        0,
        0,
        0,
        0,
        0,
        0,
        0,
        0,
        0,
        0,
        0,
        0,
        0,
        0,
        0,
        0,
        0,
        0,
        0,
        0,
        0,
        0,
        0,
        0,
        0,
        0,
        0,
        0,
        0,
        0,
        0,
        0,
        0,
        0,
        0,
        0,
        0,
        0,
        0,
        0,
        0,
        0,
        0,
        0,
        0,
        0,
        0,
        0,
        0,
        0,
        0,
        0,
        0,
        0,
        0,
        0,
        0,
        0,
        0,
        0,
        0,
        0,
        0,
        0,
        0,
        0,
        0,
        0,
        0,
        0,
        0,
        0,
        0,
        0,
        0,
        0,
        0,
        0,
        0,
        0,
        0,
        0,
        0,
        0,
        0,
        0,
        0,
        0,
        0,
        0,
        0,
        0,
        0,
        0,
        0,
        0,
        0,
        0,
        0,
        0,
        0,
        0,
        0,
        0,
        0,
        0,
        0,
        0,
        0,
        0,
        0,
        0,
        0,
        0,
        0,
        0,
        0,
        0,
        0,
        0,
        0,
        0,
        0,
        0,
        0,
        0,
        0,
        0,
        0,
        0,
        0,
        0,
        0,
        0,
        0,
        0,
        0,
        0,
        0,
        0,
        0,
        0,
        0,
        0,
        0,
        0,
        0,
        0,
        0,
        0,
        0,
        0,
        0,
        0,
        0,
        0,
        0,
        0,
        0,
        0,
        0,
        0,
        0,
        0,
        0,
        0,
        0,
        0,
        0,
        0,
        0,
        0,
        0,
        0,
        0,
        0,
        0,
        0,
        0,
        0,
        0,
        0,
        0,
        0,
        0,
        0,
        0,
        0,
        0,
        0,
        0,
        0,
        0,
        0,
        0,
        0,
        0,
        0,
        0,
        0,
        0,
        0,
        0,
        0,
        0,
        0,
        0,
        0,
        0,
        0,
        0,
        0,
        0,
        0,
        0,
        0,
        0,
        0,
        0,
        0,
        0,
        0,
        0,
        0,
        0,
        0,
        0,
        0,
        0,
        0,
        0
      ],
      "height": 20,
      "id": 2,
      "name": "Camada de Blocos 2",
      "opacity": 1,
      "type": "tilelayer",
      "visible": true,
      "width": 50,
      "x": 0,
      "y": 0
    },
    {
      "data": [
        0,
        0,
        0,
        0,
        0,
        0,
        0,
        0,
        0,
        0,
        0,
        0,
        0,
        0,
        0,
        0,
        0,
        0,
        0,
        0,
        0,
        0,
        0,
        0,
        0,
        0,
        0,
        0,
        0,
        0,
        0,
        0,
        0,
        0,
        0,
        0,
        0,
        0,
        0,
        0,
        0,
        0,
        0,
        0,
        0,
        0,
        0,
        0,
        0,
        0,
        0,
        0,
        0,
        0,
        0,
        0,
        0,
        0,
        0,
        0,
        0,
        0,
        0,
        0,
        0,
        0,
        0,
        0,
        0,
        0,
        0,
        0,
        0,
        0,
        0,
        0,
        0,
        0,
        0,
        0,
        0,
        0,
        0,
        0,
        0,
        0,
        0,
        0,
        0,
        0,
        0,
        0,
        0,
        0,
        0,
        0,
        0,
        0,
        0,
        0,
        0,
        0,
        0,
        0,
        0,
        0,
        0,
        0,
        0,
        0,
        0,
        0,
        0,
        0,
        0,
        0,
        0,
        0,
        0,
        0,
        0,
        0,
        0,
        0,
        0,
        0,
        0,
        0,
        0,
        0,
        0,
        0,
        0,
        0,
        0,
        0,
        0,
        0,
        0,
        0,
        0,
        0,
        0,
        0,
        0,
        0,
        0,
        0,
        0,
        0,
        0,
        0,
        0,
        0,
        0,
        0,
        0,
        0,
        0,
        0,
        0,
        0,
        0,
        0,
        0,
        0,
        0,
        0,
        0,
        0,
        0,
        0,
        0,
        0,
        0,
        0,
        0,
        0,
        0,
        0,
        0,
        0,
        0,
        0,
        0,
        0,
        0,
        0,
        0,
        0,
        0,
        0,
        0,
        0,
        0,
        0,
        0,
        0,
        0,
        0,
        0,
        0,
        0,
        0,
        0,
        0,
        0,
        0,
        0,
        0,
        0,
        0,
        0,
        0,
        0,
        0,
        0,
        0,
        0,
        0,
        0,
        0,
        0,
        0,
        0,
        0,
        0,
        0,
        0,
        0,
        0,
        0,
        0,
        0,
        0,
        0,
        0,
        0,
        0,
        0,
        0,
        0,
        0,
        0,
        0,
        0,
        0,
        0,
        0,
        0,
        0,
        0,
        0,
        0,
        0,
        0,
        0,
        0,
        0,
        0,
        0,
        0,
        0,
        0,
        0,
        0,
        0,
        0,
        0,
        0,
        0,
        0,
        0,
        0,
        0,
        0,
        0,
        0,
        0,
        0,
        0,
        0,
        0,
        0,
        0,
        0,
        0,
        0,
        0,
        0,
        0,
        0,
        0,
        0,
        0,
        0,
        0,
        0,
        0,
        0,
        0,
        0,
        0,
        0,
        0,
        0,
        0,
        0,
        0,
        0,
        0,
        0,
        0,
        0,
        0,
        0,
        0,
        0,
        0,
        0,
        0,
        0,
        0,
        0,
        0,
        0,
        0,
        0,
        0,
        0,
        0,
        0,
        0,
        0,
        0,
        0,
        0,
        0,
        0,
        0,
        0,
        0,
        0,
        0,
        0,
        0,
        0,
        0,
        0,
        0,
        0,
        0,
        0,
        0,
        0,
        0,
        0,
        0,
        0,
        0,
        0,
        0,
        0,
        0,
        0,
        0,
        0,
        0,
        0,
        0,
        0,
        0,
        0,
        0,
        0,
        0,
        0,
        0,
        0,
        0,
        0,
        0,
        0,
        0,
        0,
        0,
        0,
        0,
        0,
        0,
        0,
        0,
        0,
        0,
        0,
        0,
        0,
        0,
        0,
        0,
        0,
        0,
        0,
        0,
        0,
        0,
        0,
        0,
        0,
        0,
        0,
        0,
        0,
        0,
        0,
        0,
        0,
        0,
        0,
        0,
        0,
        0,
        0,
        0,
        0,
        0,
        0,
        0,
        0,
        0,
        0,
        0,
        0,
        0,
        0,
        0,
        0,
        0,
        0,
        0,
        0,
        0,
        0,
        0,
        0,
        0,
        0,
        0,
        0,
        0,
        0,
        0,
        0,
        0,
        0,
        0,
        0,
        0,
        0,
        0,
        0,
        0,
        0,
        0,
        0,
        0,
        0,
        0,
        0,
        0,
        0,
        0,
        0,
        0,
        0,
        0,
        0,
        0,
        0,
        0,
        0,
        0,
        0,
        0,
        0,
        0,
        0,
        0,
        0,
        0,
        0,
        0,
        0,
        0,
        0,
        0,
        0,
        0,
        0,
        0,
        0,
        0,
        0,
        0,
        0,
        0,
        0,
        0,
        0,
        0,
        0,
        0,
        0,
        0,
        0,
        0,
        0,
        0,
        0,
        0,
        0,
        0,
        0,
        0,
        0,
        0,
        0,
        0,
        0,
        0,
        0,
        0,
        0,
        0,
        0,
        0,
        0,
        0,
        0,
        0,
        0,
        0,
        0,
        0,
        0,
        0,
        0,
        0,
        0,
        0,
        0,
        0,
        0,
        0,
        0,
        0,
        0,
        0,
        0,
        0,
        0,
        0,
        0,
        0,
        0,
        0,
        0,
        0,
        0,
        0,
        0,
        0,
        0,
        0,
        0,
        0,
        0,
        0,
        0,
        0,
        0,
        0,
        0,
        0,
        0,
        0,
        0,
        0,
        0,
        0,
        0,
        0,
        0,
        0,
        0,
        0,
        0,
        0,
        0,
        0,
        0,
        0,
        0,
        0,
        0,
        0,
        0,
        0,
        0,
        0,
        0,
        0,
        0,
        0,
        0,
        0,
        0,
        0,
        0,
        0,
        0,
        0,
        0,
        0,
        0,
        0,
        0,
        0,
        0,
        0,
        0,
        0,
        0,
        0,
        0,
        0,
        0,
        0,
        0,
        0,
        0,
        0,
        0,
        0,
        0,
        0,
        0,
        0,
        0,
        0,
        0,
        0,
        8985,
        8986,
        8987,
        8988,
        8989,
        0,
        0,
        0,
        0,
        0,
        0,
        8985,
        8986,
        8987,
        8988,
        8985,
        8986,
        8987,
        8988,
        8989,
        0,
        0,
        0,
        0,
        0,
        0,
        8985,
        8986,
        8987,
        8988,
        8989,
        0,
        0,
        0,
        0,
        0,
        0,
        0,
        0,
        8985,
        8986,
        8987,
        8988,
        8989,
        0,
        0,
        0,
        0,
        0,
        0,
        9305,
        9306,
        9307,
        9308,
        9309,
        0,
        0,
        0,
        0,
        0,
        0,
        9305,
        9306,
        9307,
        9308,
        9305,
        9306,
        9307,
        9308,
        9309,
        0,
        0,
        0,
        0,
        0,
        0,
        9305,
        9306,
        9307,
        9308,
        9309,
        0,
        0,
        0,
        0,
        0,
        0,
        0,
        0,
        9305,
        9306,
        9307,
        9308,
        9309,
        0,
        0,
        0,
        0,
        0,
        0,
        9625,
        9626,
        9627,
        9628,
        9629,
        0,
        0,
        0,
        0,
        0,
        0,
        9625,
        9626,
        9627,
        9628,
        9625,
        9626,
        9627,
        9628,
        9629,
        0,
        0,
        0,
        0,
        0,
        0,
        9625,
        9626,
        9627,
        9628,
        9629,
        0,
        0,
        0,
        0,
        0,
        0,
        0,
        0,
        9625,
        9626,
        9627,
        9628,
        9629,
        0,
        0,
        0,
        0,
        0,
        0,
        0,
        0,
        0,
        0,
        0,
        0,
        0,
        0,
        0,
        0,
        0,
        0,
        0,
        0,
        0,
        0,
        0,
        0,
        0,
        0,
        0,
        0,
        0,
        0,
        0,
        0,
        0,
        0,
        0,
        0,
        0,
        0,
        0,
        0,
        0,
        0,
        0,
        0,
        0,
        0,
        0,
        0,
        0,
        0,
        0,
        0,
        0,
        0,
        0,
        0,
        0,
        0,
        0,
        0,
        0,
        0,
        0,
        0,
        0,
        0,
        0,
        0,
        0,
        0,
        0,
        0,
        0,
        0,
        0,
        0,
        0,
        0,
        0,
        0,
        0,
        0,
        0,
        0,
        0,
        0,
        0,
        0,
        0,
        0,
        0,
        0,
        0,
        0,
        0,
        0,
        0,
        0,
        0,
        0,
        0,
        0,
        0,
        0,
        0,
        0,
        0,
        0,
        0,
        0,
        0,
        0,
        0,
        0,
        0,
        0,
        0,
        0,
        0,
        0,
        0,
        0,
        0,
        0,
        0,
        0,
        0,
        0,
        0,
        0,
        0,
        0,
        0,
        0,
        0,
        0,
        0,
        0,
        0,
        0,
        0,
        0,
        0,
        0,
        0,
        0,
        0,
        0,
        0,
        0,
        0,
        0,
        0,
        0,
        0,
        0,
        0,
        0,
        0,
        0,
        0,
        0,
        0,
        0,
        0,
        0,
        0,
        0,
        0,
        0,
        0,
        0,
        0,
        0,
        0,
        0,
        0,
        0,
        0,
        0,
        0,
        0,
        0,
        0,
        0,
        0,
        0,
        0,
        0,
        0,
        0,
        0,
        0,
        0,
        0,
        0,
        0,
        0,
        0,
        0,
        0,
        0,
        0,
        0
      ],
      "height": 20,
      "id": 12,
      "name": "Camada de Blocos 4",
      "opacity": 1,
      "type": "tilelayer",
      "visible": true,
      "width": 50,
      "x": 0,
      "y": 0
    },
    {
      "data": [
        0,
        0,
        0,
        0,
        0,
        0,
        0,
        0,
        0,
        0,
        0,
        0,
        0,
        0,
        0,
        0,
        0,
        0,
        0,
        0,
        0,
        0,
        0,
        0,
        0,
        0,
        0,
        0,
        0,
        0,
        0,
        0,
        0,
        0,
        0,
        0,
        0,
        0,
        0,
        0,
        0,
        0,
        0,
        0,
        0,
        0,
        0,
        0,
        0,
        0,
        0,
        0,
        0,
        0,
        0,
        0,
        0,
        0,
        0,
        0,
        0,
        0,
        0,
        0,
        0,
        0,
        0,
        0,
        0,
        0,
        0,
        0,
        0,
        0,
        0,
        0,
        0,
        0,
        0,
        0,
        0,
        0,
        0,
        0,
        0,
        0,
        0,
        0,
        0,
        0,
        0,
        0,
        0,
        0,
        0,
        0,
        0,
        0,
        0,
        0,
        0,
        0,
        0,
        0,
        0,
        0,
        0,
        0,
        0,
        0,
        0,
        0,
        0,
        0,
        0,
        0,
        0,
        0,
        0,
        0,
        0,
        0,
        0,
        0,
        0,
        0,
        0,
        0,
        0,
        0,
        0,
        0,
        0,
        0,
        0,
        0,
        0,
        0,
        0,
        0,
        0,
        0,
        0,
        0,
        0,
        0,
        0,
        0,
        0,
        0,
        0,
        0,
        0,
        0,
        0,
        0,
        0,
        0,
        0,
        0,
        0,
        0,
        0,
        0,
        0,
        0,
        0,
        0,
        0,
        0,
        0,
        0,
        0,
        0,
        0,
        0,
        0,
        0,
        0,
        0,
        0,
        0,
        0,
        0,
        0,
        0,
        0,
        0,
        0,
        0,
        0,
        0,
        10317,
        10318,
        10319,
        0,
        0,
        0,
        0,
        0,
        0,
        0,
        0,
        0,
        0,
        0,
        0,
        0,
        0,
        0,
        0,
        0,
        0,
        0,
        0,
        0,
        0,
        0,
        0,
        0,
        0,
        0,
        0,
        0,
        0,
        0,
        0,
        0,
        0,
        0,
        0,
        0,
        0,
        0,
        0,
        0,
        0,
        0,
        0,
        0,
        0,
        0,
        10637,
        10638,
        10639,
        0,
        0,
        0,
        0,
        0,
        0,
        0,
        0,
        0,
        0,
        0,
        0,
        0,
        0,
        0,
        0,
        0,
        0,
        0,
        0,
        0,
        0,
        0,
        0,
        0,
        0,
        0,
        0,
        0,
        0,
        0,
        0,
        0,
        0,
        0,
        0,
        0,
        0,
        0,
        0,
        0,
        0,
        0,
        0,
        0,
        0,
        0,
        0,
        0,
        0,
        0,
        0,
        0,
        0,
        0,
        0,
        0,
        0,
        0,
        0,
        0,
        0,
        0,
        0,
        0,
        0,
        0,
        0,
        0,
        0,
        0,
        0,
        0,
        0,
        0,
        10317,
        10318,
        10319,
        0,
        0,
        0,
        0,
        0,
        0,
        0,
        0,
        0,
        0,
        0,
        0,
        0,
        0,
        0,
        0,
        0,
        0,
        0,
        0,
        0,
        0,
        0,
        0,
        0,
        0,
        0,
        0,
        0,
        0,
        0,
        0,
        0,
        0,
        0,
        0,
        0,
        0,
        0,
        0,
        0,
        0,
        0,
        0,
        0,
        0,
        0,
        10637,
        10638,
        10639,
        0,
        0,
        0,
        0,
        0,
        0,
        0,
        0,
        0,
        0,
        0,
        0,
        0,
        0,
        0,
        0,
        0,
        0,
        0,
        0,
        0,
        0,
        0,
        0,
        0,
        0,
        0,
        0,
        0,
        0,
        0,
        0,
        0,
        0,
        0,
        0,
        0,
        0,
        0,
        0,
        0,
        0,
        0,
        0,
        0,
        0,
        0,
        0,
        0,
        0,
        0,
        0,
        0,
        0,
        0,
        0,
        0,
        0,
        0,
        0,
        0,
        0,
        0,
        0,
        0,
        8985,
        8986,
        8987,
        8988,
        8985,
        8986,
        8987,
        8988,
        8989,
        0,
        0,
        0,
        0,
        0,
        0,
        0,
        0,
        0,
        0,
        0,
        0,
        0,
        0,
        0,
        0,
        0,
        0,
        0,
        0,
        0,
        0,
        0,
        0,
        0,
        0,
        0,
        0,
        0,
        0,
        0,
        0,
        0,
        0,
        0,
        0,
        0,
        0,
        0,
        0,
        0,
        9305,
        9306,
        9307,
        9308,
        9305,
        9306,
        9307,
        9308,
        9309,
        0,
        0,
        0,
        0,
        0,
        0,
        0,
        10329,
        10330,
        10331,
        10332,
        10333,
        10334,
        10335,
        0,
        0,
        0,
        0,
        0,
        0,
        0,
        0,
        0,
        0,
        0,
        0,
        0,
        0,
        0,
        0,
        0,
        0,
        0,
        0,
        0,
        10317,
        10318,
        10319,
        0,
        0,
        0,
        9625,
        9626,
        9627,
        9628,
        9625,
        9626,
        9627,
        9628,
        9629,
        0,
        0,
        0,
        0,
        0,
        0,
        0,
        10649,
        10650,
        10651,
        10652,
        10653,
        10654,
        10655,
        0,
        0,
        0,
        0,
        0,
        0,
        0,
        0,
        0,
        0,
        0,
        0,
        0,
        0,
        0,
        0,
        0,
        0,
        0,
        0,
        0,
        10637,
        10638,
        10639,
        0,
        0,
        0,
        0,
        0,
        0,
        0,
        0,
        0,
        0,
        0,
        0,
        0,
        0,
        0,
        0,
        0,
        0,
        0,
        0,
        0,
        0,
        0,
        0,
        0,
        0,
        0,
        0,
        0,
        0,
        0,
        0,
        0,
        0,
        0,
        0,
        0,
        0,
        0,
        0,
        0,
        0,
        0,
        0,
        0,
        0,
        0,
        0,
        0,
        0,
        0,
        0,
        0,
        0,
        0,
        0,
        0,
        0,
        0,
        0,
        0,
        0,
        0,
        0,
        0,
        0,
        0,
        0,
        0,
        0,
        0,
        0,
        0,
        0,
        0,
        0,
        0,
        0,
        0,
        0,
        0,
        0,
        0,
        0,
        0,
        0,
        0,
        0,
        0,
        0,
        0,
        0,
        0,
        0,
        0,
        0,
        0,
        0,
        0,
        0,
        0,
        0,
        0,
        0,
        0,
        0,
        0,
        0,
        0,
        0,
        0,
        0,
        0,
        0,
        0,
        0,
        0,
        0,
        0,
        0,
        0,
        0,
        0,
        0,
        0,
        0,
        0,
        0,
        0,
        0,
        0,
        0,
        0,
        0,
        0,
        0,
        0,
        0,
        0,
        0,
        0,
        0,
        0,
        0,
        0,
        0,
        0,
        0,
        0,
        0,
        0,
        0,
        0,
        0,
        0,
        0,
        0,
        0,
        0,
        0,
        0,
        0,
        0,
        0,
        0,
        28341,
        28342,
        28343,
        28344,
        28345,
        28346,
        28347,
        28348,
        28341,
        28342,
        28343,
        28344,
        28345,
        28346,
        28347,
        28348,
        28341,
        28342,
        28343,
        28344,
        28345,
        28346,
        28347,
        28341,
        28342,
        28343,
        28344,
        28345,
        28346,
        28347,
        28348,
        28341,
        28342,
        28343,
        28344,
        28345,
        28346,
        28347,
        28341,
        28342,
        28343,
        28344,
        28345,
        28346,
        28347,
        28348,
        14273,
        14274,
        14275,
        14276,
        28661,
        28662,
        28663,
        28664,
        28665,
        28666,
        28667,
        28668,
        28661,
        28662,
        28663,
        28664,
        28665,
        28666,
        28667,
        28668,
        28661,
        28662,
        28663,
        28664,
        28665,
        28666,
        28667,
        28661,
        28662,
        28663,
        28664,
        28665,
        28666,
        28667,
        28668,
        28661,
        28662,
        28663,
        28664,
        28665,
        28666,
        28667,
        28661,
        28662,
        28663,
        28664,
        28665,
        28666,
        28667,
        28668,
        14593,
        14594,
        14595,
        14596,
        28981,
        28982,
        28983,
        28984,
        28985,
        28986,
        28987,
        28988,
        28981,
        28982,
        28983,
        28984,
        28985,
        28986,
        28987,
        28988,
        28981,
        28982,
        28983,
        28984,
        28985,
        28986,
        28987,
        28981,
        28982,
        28983,
        28984,
        28985,
        28986,
        28987,
        28988,
        28981,
        28982,
        28983,
        28984,
        28985,
        28986,
        28987,
        28981,
        28982,
        28983,
        28984,
        28985,
        28986,
        28987,
        28988,
        14913,
        14914,
        14915,
        14916,
        29301,
        29302,
        29303,
        29304,
        29305,
        29306,
        29307,
        29308,
        29301,
        29302,
        29303,
        29304,
        29305,
        29306,
        29307,
        29308,
        29301,
        29302,
        29303,
        29304,
        29305,
        29306,
        29307,
        29301,
        29302,
        29303,
        29304,
        29305,
        29306,
        29307,
        29308,
        29301,
        29302,
        29303,
        29304,
        29305,
        29306,
        29307,
        29301,
        29302,
        29303,
        29304,
        29305,
        29306,
        29307,
        29308,
        15233,
        15234,
        15235,
        15236,
        29621,
        29622,
        29623,
        29624,
        29625,
        29626,
        29627,
        29628,
        29621,
        29622,
        29623,
        29624,
        29625,
        29626,
        29627,
        29628,
        29621,
        29622,
        29623,
        29624,
        29625,
        29626,
        29627,
        29621,
        29622,
        29623,
        29624,
        29625,
        29626,
        29627,
        29628,
        29621,
        29622,
        29623,
        29624,
        29625,
        29626,
        29627,
        29621,
        29622,
        29623,
        29624,
        29625,
        29626,
        29627,
        29628,
        15553,
        15554,
        15555,
        15556
      ],
      "height": 20,
      "id": 1,
      "name": "Camada de Blocos 1",
      "opacity": 1,
      "type": "tilelayer",
      "visible": true,
      "width": 50,
      "x": 0,
      "y": 0
    },
    {
      "data": [
        0,
        0,
        0,
        0,
        0,
        0,
        0,
        0,
        0,
        0,
        0,
        0,
        0,
        0,
        0,
        0,
        0,
        0,
        0,
        0,
        0,
        0,
        0,
        0,
        0,
        0,
        0,
        0,
        0,
        0,
        0,
        0,
        0,
        0,
        0,
        0,
        0,
        0,
        0,
        0,
        0,
        0,
        0,
        0,
        0,
        0,
        0,
        0,
        0,
        0,
        0,
        0,
        0,
        0,
        0,
        0,
        0,
        0,
        0,
        0,
        0,
        0,
        0,
        0,
        0,
        0,
        0,
        0,
        0,
        0,
        0,
        0,
        0,
        0,
        0,
        0,
        0,
        0,
        0,
        0,
        0,
        0,
        0,
        0,
        0,
        0,
        0,
        0,
        0,
        0,
        0,
        0,
        0,
        0,
        0,
        0,
        0,
        0,
        0,
        0,
        0,
        0,
        0,
        0,
        0,
        0,
        0,
        0,
        0,
        0,
        0,
        0,
        0,
        0,
        0,
        0,
        0,
        0,
        0,
        0,
        0,
        0,
        0,
        0,
        0,
        0,
        0,
        0,
        0,
        0,
        0,
        0,
        0,
        0,
        0,
        0,
        0,
        0,
        0,
        0,
        0,
        0,
        0,
        0,
        0,
        0,
        0,
        0,
        0,
        0,
        0,
        0,
        0,
        0,
        0,
        0,
        0,
        0,
        0,
        0,
        0,
        0,
        0,
        0,
        0,
        0,
        0,
        0,
        0,
        0,
        0,
        0,
        0,
        0,
        0,
        0,
        0,
        0,
        0,
        0,
        0,
        0,
        0,
        0,
        0,
        0,
        0,
        0,
        0,
        0,
        0,
        0,
        0,
        0,
        0,
        0,
        0,
        0,
        0,
        0,
        0,
        0,
        0,
        0,
        0,
        0,
        0,
        0,
        0,
        0,
        0,
        0,
        0,
        0,
        0,
        0,
        0,
        0,
        0,
        0,
        0,
        0,
        0,
        0,
        0,
        0,
        0,
        0,
        0,
        0,
        0,
        0,
        0,
        0,
        0,
        0,
        0,
        0,
        0,
        0,
        0,
        0,
        0,
        0,
        0,
        0,
        0,
        0,
        0,
        0,
        0,
        0,
        0,
        0,
        0,
        0,
        0,
        0,
        0,
        0,
        0,
        0,
        0,
        0,
        0,
        0,
        0,
        0,
        0,
        0,
        0,
        0,
        0,
        0,
        0,
        0,
        0,
        0,
        0,
        0,
        0,
        0,
        0,
        0,
        0,
        0,
        0,
        0,
        0,
        0,
        0,
        0,
        0,
        0,
        0,
        0,
        0,
        0,
        0,
        0,
        0,
        0,
        0,
        0,
        0,
        0,
        0,
        0,
        0,
        0,
        10329,
        10330,
        10331,
        10332,
        10333,
        10334,
        10335,
        0,
        0,
        0,
        0,
        0,
        0,
        0,
        0,
        0,
        0,
        0,
        0,
        0,
        0,
        0,
        0,
        0,
        0,
        0,
        0,
        0,
        0,
        0,
        0,
        0,
        0,
        0,
        0,
        0,
        0,
        0,
        0,
        0,
        0,
        0,
        0,
        0,
        0,
        0,
        0,
        0,
        0,
        0,
        10649,
        10650,
        10651,
        10652,
        10653,
        10654,
        10655,
        0,
        0,
        0,
        0,
        0,
        0,
        0,
        0,
        0,
        0,
        0,
        0,
        0,
        0,
        0,
        0,
        0,
        0,
        0,
        0,
        0,
        0,
        0,
        0,
        0,
        0,
        0,
        0,
        0,
        0,
        0,
        0,
        0,
        0,
        0,
        0,
        0,
        0,
        0,
        0,
        0,
        0,
        0,
        0,
        0,
        0,
        0,
        0,
        0,
        0,
        0,
        0,
        0,
        0,
        0,
        0,
        0,
        0,
        0,
        0,
        0,
        0,
        0,
        0,
        0,
        0,
        0,
        0,
        0,
        0,
        0,
        0,
        0,
        0,
        0,
        0,
        0,
        0,
        0,
        0,
        0,
        0,
        0,
        0,
        0,
        0,
        0,
        0,
        0,
        0,
        0,
        0,
        0,
        0,
        0,
        0,
        0,
        0,
        0,
        0,
        0,
        0,
        0,
        0,
        0,
        0,
        0,
        0,
        0,
        0,
        0,
        0,
        0,
        0,
        0,
        0,
        0,
        0,
        0,
        0,
        0,
        0,
        0,
        0,
        0,
        0,
        0,
        0,
        0,
        0,
        0,
        0,
        0,
        0,
        0,
        0,
        0,
        0,
        0,
        0,
        0,
        0,
        0,
        0,
        0,
        0,
        0,
        0,
        0,
        0,
        0,
        0,
        0,
        0,
        0,
        0,
        0,
        0,
        0,
        0,
        0,
        0,
        0,
        0,
        0,
        0,
        0,
        0,
        0,
        0,
        0,
        0,
        10329,
        10330,
        10331,
        10332,
        10333,
        10334,
        10335,
        0,
        0,
        0,
        0,
        0,
        0,
        0,
        0,
        0,
        0,
        0,
        0,
        0,
        0,
        0,
        0,
        0,
        0,
        0,
        0,
        0,
        0,
        0,
        0,
        0,
        0,
        0,
        0,
        0,
        0,
        0,
        0,
        0,
        0,
        0,
        0,
        0,
        0,
        0,
        0,
        0,
        0,
        0,
        10649,
        10650,
        10651,
        10652,
        10653,
        10654,
        10655,
        0,
        0,
        0,
        0,
        0,
        0,
        0,
        0,
        0,
        0,
        0,
        0,
        0,
        0,
        0,
        0,
        0,
        0,
        0,
        0,
        0,
        0,
        0,
        0,
        0,
        0,
        0,
        0,
        0,
        0,
        0,
        0,
        0,
        0,
        0,
        0,
        0,
        0,
        0,
        0,
        0,
        0,
        0,
        0,
        0,
        0,
        0,
        0,
        0,
        0,
        0,
        0,
        0,
        0,
        0,
        0,
        0,
        0,
        0,
        0,
        0,
        0,
        0,
        0,
        0,
        0,
        0,
        0,
        0,
        0,
        0,
        0,
        0,
        0,
        0,
        0,
        0,
        0,
        0,
        0,
        0,
        0,
        0,
        0,
        0,
        0,
        0,
        0,
        0,
        0,
        0,
        0,
        0,
        0,
        0,
        0,
        0,
        0,
        0,
        0,
        0,
        0,
        0,
        0,
        0,
        0,
        0,
        0,
        0,
        0,
        0,
        0,
        0,
        0,
        0,
        0,
        0,
        0,
        0,
        0,
        0,
        0,
        0,
        0,
        0,
        0,
        0,
        0,
        0,
        0,
        0,
        0,
        0,
        0,
        0,
        0,
        0,
        0,
        0,
        0,
        0,
        0,
        0,
        0,
        0,
        0,
        0,
        0,
        0,
        0,
        0,
        0,
        0,
        0,
        0,
        0,
        0,
        0,
        0,
        0,
        0,
        0,
        0,
        0,
        0,
        0,
        0,
        0,
        0,
        0,
        0,
        0,
        0,
        0,
        0,
        0,
        0,
        0,
        0,
        0,
        0,
        0,
        0,
        0,
        0,
        0,
        0,
        0,
        0,
        0,
        0,
        0,
        0,
        0,
        0,
        0,
        0,
        0,
        0,
        0,
        0,
        0,
        0,
        0,
        0,
        0,
        0,
        0,
        0,
        0,
        0,
        0,
        0,
        0,
        0,
        0,
        0,
        0,
        0,
        0,
        0,
        0,
        0,
        0,
        0,
        0,
        0,
        0,
        0,
        0,
        0,
        0,
        0,
        0,
        0,
        0,
        0,
        0,
        0,
        0,
        0,
        0,
        0,
        0,
        0,
        0,
        0,
        0,
        0,
        0,
        0,
        0,
        0,
        0,
        0,
        0,
        0,
        0,
        0,
        0,
        0,
        0,
        0,
        0,
        0,
        0,
        0,
        0,
        0,
        0,
        0,
        0,
        0,
        0,
        0,
        0,
        0,
        0,
        0,
        0,
        0,
        0,
        0,
        0,
        0,
        0,
        0,
        0,
        0,
        0,
        0,
        0,
        0,
        0,
        0,
        0,
        0,
        0,
        0,
        0,
        0,
        0,
        0,
        0,
        0,
        0,
        0,
        0,
        0,
        0,
        0,
        0,
        0,
        0,
        0,
        0,
        0,
        0,
        0,
        0,
        0,
        0,
        0,
        0,
        0,
        0,
        0,
        0,
        0,
        0,
        0,
        0,
        0,
        0,
        0,
        0,
        0,
        0,
        0,
        0,
        0,
        0,
        0,
        0,
        0,
        0,
        0,
        0,
        0,
        0,
        0,
        0,
        0,
        0,
        0,
        0,
        0,
        0,
        0,
        0,
        0,
        0,
        0,
        0,
        0,
        0,
        0,
        0,
        0,
        0,
        0,
        0,
        0,
        0,
        0,
        0,
        0,
        0,
        0,
        0,
        0,
        0,
        0,
        0,
        0,
        0,
        0,
        0,
        0,
        0,
        0,
        0,
        0,
        0,
        0,
        0,
        0,
        0,
        0,
        0,
        0,
        0,
        0,
        0
      ],
      "height": 20,
      "id": 11,
      "name": "Camada de Blocos 3",
      "opacity": 1,
      "type": "tilelayer",
      "visible": true,
      "width": 50,
      "x": 0,
      "y": 0
    }
  ],
  "nextlayerid": 13,
  "nextobjectid": 1,
  "orientation": "orthogonal",
  "renderorder": "right-down",
  "tiledversion": "1.11.2",
  "tileheight": 16,
  "tilesets": [
    {
      "firstgid": 1,
      "name": "AllSprites",
      "tilewidth": 16,
      "tileheight": 16,
      "tilecount": 57600,
      "columns": 320,
      "image": "CastorC_Forest_PixelPack/CastorC_Forest_PixelPack/AllSprites.png",
      "imagewidth": 5120,
      "imageheight": 2880,
      "margin": 0,
      "spacing": 0
    }
  ],
  "tilewidth": 16,
  "type": "map",
  "version": "1.10",
  "width": 50
}
