{
  "compressionlevel": -1,
  "height": 20,
  "infinite": false,
  "layers": [
    {
      "data": [
        59348,
        59349,
        59350,
        59351,
        59352,
        59353,
        59354,
        59355,
        59356,
        59357,
        59358,
        59359,
        59360,
        59361,
        59362,
        59363,
        59364,
        59365,
        59366,
        59367,
        59368,
        59369,
        59370,
        59371,
        59372,
        59373,
        59374,
        59375,
        59376,
        59377,
        59378,
        59379,
        59380,
        59381,
        59382,
        59383,
        59384,
        59385,
        59386,
        59387,
        59388,
        59389,
        59390,
        59391,
        59392,
        59393,
        59394,
        59395,
        59396,
        59397,
        59406,
        59407,
        59408,
        59409,
        59410,
        59411,
        59412,
        59413,
        59414,
        59415,
        59416,
        59417,
        59418,
        59419,
        59420,
        59421,
        59422,
        59423,
        59424,
        59425,
        59426,
        59427,
        59428,
        59429,
        59430,
        59431,
        59432,
        59433,
        59434,
        59435,
        59436,
        59437,
        59438,
        59439,
        59440,
        59441,
        59442,
        59443,
        59444,
        59445,
        59446,
        59447,
        59448,
        59449,
        59450,
        59451,
        59452,
        59453,
        59454,
        59455,
        59464,
        59465,
        59466,
        59467,
        59468,
        59469,
        59470,
        59471,
        59472,
        59473,
        59474,
        59475,
        59476,
        59477,
        59478,
        59479,
        59480,
        59481,
        59482,
        59483,
        59484,
        59485,
        59486,
        59487,
        59488,
        59489,
        59490,
        59491,
        59492,
        59493,
        59494,
        59495,
        59496,
        59497,
        59498,
        59499,
        59500,
        59501,
        59502,
        59503,
        59504,
        59505,
        59506,
        59507,
        59508,
        59509,
        59510,
        59511,
        59512,
        59513,
        59522,
        59523,
        59524,
        59525,
        59526,
        59527,
        59528,
        59529,
        59530,
        59531,
        59532,
        59533,
        59534,
        59535,
        59536,
        59537,
        59538,
        59539,
        59540,
        59541,
        59542,
        59543,
        59544,
        59545,
        59546,
        59547,
        59548,
        59549,
        59550,
        59551,
        59552,
        59553,
        59554,
        59555,
        59556,
        59557,
        59558,
        59559,
        59560,
        59561,
        59562,
        59563,
        59564,
        59565,
        59566,
        59567,
        59568,
        59569,
        59570,
        59571,
        59580,
        59581,
        59582,
        59583,
        59584,
        59585,
        59586,
        59587,
        59588,
        59589,
        59590,
        59591,
        59592,
        59593,
        59594,
        59595,
        59596,
        59597,
        59598,
        59599,
        59600,
        59601,
        59602,
        59603,
        59604,
        59605,
        59606,
        59607,
        59608,
        59609,
        59610,
        59611,
        59612,
        59613,
        59614,
        59615,
        59616,
        59617,
        59618,
        59619,
        59620,
        59621,
        59622,
        59623,
        59624,
        59625,
        59626,
        59627,
        59628,
        59629,
        59638,
        59639,
        59640,
        59641,
        59642,
        59643,
        59644,
        59645,
        59646,
        59647,
        59648,
        59649,
        59650,
        59651,
        59652,
        59653,
        59654,
        59655,
        59656,
        59657,
        59658,
        59659,
        59660,
        59661,
        59662,
        59663,
        59664,
        59665,
        59666,
        59667,
        59668,
        59669,
        59670,
        59671,
        59672,
        59673,
        59674,
        59675,
        59676,
        59677,
        59678,
        59679,
        59680,
        59681,
        59682,
        59683,
        59684,
        59685,
        59686,
        59687,
        59696,
        59697,
        59698,
        59699,
        59700,
        59701,
        59702,
        59703,
        59704,
        59705,
        59706,
        59707,
        59708,
        59709,
        59710,
        59711,
        59712,
        59713,
        59714,
        59715,
        59716,
        59717,
        59718,
        59719,
        59720,
        59721,
        59722,
        59723,
        59724,
        59725,
        59726,
        59727,
        59728,
        59729,
        59730,
        59731,
        59732,
        59733,
        59734,
        59735,
        59736,
        59737,
        59738,
        59739,
        59740,
        59741,
        59742,
        59743,
        59744,
        59745,
        59754,
        59755,
        59756,
        59757,
        59758,
        59759,
        59760,
        59761,
        59762,
        59763,
        59764,
        59765,
        59766,
        59767,
        59768,
        59769,
        59770,
        59771,
        59772,
        59773,
        59774,
        59775,
        59776,
        59777,
        59778,
        59779,
        59780,
        59781,
        59782,
        59783,
        59784,
        59785,
        59786,
        59787,
        59788,
        59789,
        59790,
        59791,
        59792,
        59793,
        59794,
        59795,
        59796,
        59797,
        59798,
        59799,
        59800,
        59801,
        59802,
        59803,
        59812,
        59813,
        59814,
        59815,
        59816,
        59817,
        59818,
        59819,
        59820,
        59821,
        59822,
        59823,
        59824,
        59825,
        59826,
        59827,
        59828,
        59829,
        59830,
        59831,
        59832,
        59833,
        59834,
        59835,
        59836,
        59837,
        59838,
        59839,
        59840,
        59841,
        59842,
        59843,
        59844,
        59845,
        59846,
        59847,
        59848,
        59849,
        59850,
        59851,
        59852,
        59853,
        59854,
        59855,
        59856,
        59857,
        59858,
        59859,
        59860,
        59861,
        59870,
        59871,
        59872,
        59873,
        59874,
        59875,
        59876,
        59877,
        59878,
        59879,
        59880,
        59881,
        59882,
        59883,
        59884,
        59885,
        59886,
        59887,
        59888,
        59889,
        59890,
        59891,
        59892,
        59893,
        59894,
        59895,
        59896,
        59897,
        59898,
        59899,
        59900,
        59901,
        59902,
        59903,
        59904,
        59905,
        59906,
        59907,
        59908,
        59909,
        59910,
        59911,
        59912,
        59913,
        59914,
        59915,
        59916,
        59917,
        59918,
        59919,
        59928,
        59929,
        59930,
        59931,
        59932,
        59933,
        59934,
        59935,
        59936,
        59937,
        59938,
        59939,
        59940,
        59941,
        59942,
        59943,
        59944,
        59945,
        59946,
        59947,
        59948,
        59949,
        59950,
        59951,
        59952,
        59953,
        59954,
        59955,
        59956,
        59957,
        59958,
        59959,
        59960,
        59961,
        59962,
        59963,
        59964,
        59965,
        59966,
        59967,
        59968,
        59969,
        59970,
        59971,
        59972,
        59973,
        59974,
        59975,
        59976,
        59977,
        59986,
        59987,
        59988,
        59989,
        59990,
        59991,
        59992,
        59993,
        59994,
        59995,
        59996,
        59997,
        59998,
        59999,
        60000,
        60001,
        60002,
        60003,
        60004,
        60005,
        60006,
        60007,
        60008,
        60009,
        60010,
        60011,
        60012,
        60013,
        60014,
        60015,
        60016,
        60017,
        60018,
        60019,
        60020,
        60021,
        60022,
        60023,
        60024,
        60025,
        60026,
        60027,
        60028,
        60029,
        60030,
        60031,
        60032,
        60033,
        60034,
        60035,
        60044,
        60045,
        60046,
        60047,
        60048,
        60049,
        60050,
        60051,
        60052,
        60053,
        60054,
        60055,
        60056,
        60057,
        60058,
        60059,
        60060,
        60061,
        60062,
        60063,
        60064,
        60065,
        60066,
        60067,
        60068,
        60069,
        60070,
        60071,
        60072,
        60073,
        60074,
        60075,
        60076,
        60077,
        60078,
        60079,
        60080,
        60081,
        60082,
        60083,
        60084,
        60085,
        60086,
        60087,
        60088,
        60089,
        60090,
        60091,
        60092,
        60093,
        60102,
        60103,
        60104,
        60105,
        60106,
        60107,
        60108,
        60109,
        60110,
        60111,
        60112,
        60113,
        60114,
        60115,
        60116,
        60117,
        60118,
        60119,
        60120,
        60121,
        60122,
        60123,
        60124,
        60125,
        60126,
        60127,
        60128,
        60129,
        60130,
        60131,
        60132,
        60133,
        60134,
        60135,
        60136,
        60137,
        60138,
        60139,
        60140,
        60141,
        60142,
        60143,
        60144,
        60145,
        60146,
        60147,
        60148,
        60149,
        60150,
        60151,
        60160,
        60161,
        60162,
        60163,
        60164,
        60165,
        60166,
        60167,
        60168,
        60169,
        60170,
        60171,
        60172,
        60173,
        60174,
        60175,
        60176,
        60177,
        60178,
        60179,
        60180,
        60181,
        60182,
        60183,
        60184,
        60185,
        60186,
        60187,
        60188,
        60189,
        60190,
        60191,
        60192,
        60193,
        60194,
        60195,
        60196,
        60197,
        60198,
        60199,
        60200,
        60201,
        60202,
        60203,
        60204,
        60205,
        60206,
        60207,
        60208,
        60209,
        60218,
        60219,
        60220,
        60221,
        60222,
        60223,
        60224,
        60225,
        60226,
        60227,
        60228,
        60229,
        60230,
        60231,
        60232,
        60233,
        60234,
        60235,
        60236,
        60237,
        60238,
        60239,
        60240,
        60241,
        60242,
        60243,
        60244,
        60245,
        60246,
        60247,
        60248,
        60249,
        60250,
        60251,
        60252,
        60253,
        60254,
        60255,
        60256,
        60257,
        60258,
        60259,
        60260,
        60261,
        60262,
        60263,
        60264,
        60265,
        60266,
        60267,
        60276,
        60277,
        60278,
        60279,
        60280,
        60281,
        60282,
        60283,
        60284,
        60285,
        60286,
        60287,
        60288,
        60289,
        60290,
        60291,
        60292,
        60293,
        60294,
        60295,
        60296,
        60297,
        60298,
        60299,
        60300,
        60301,
        60302,
        60303,
        60304,
        60305,
        60306,
        60307,
        60308,
        60309,
        60310,
        60311,
        60312,
        60313,
        60314,
        60315,
        60316,
        60317,
        60318,
        60319,
        60320,
        60321,
        60322,
        60323,
        60324,
        60325,
        2138,
        2139,
        2140,
        2141,
        2142,
        2143,
        2144,
        0,
        0,
        0,
        0,
        0,
        0,
        0,
        0,
        0,
        0,
        0,
        0,
        0,
        0,
        0,
        0,
        0,
        0,
        0,
        0,
        0,
        0,
        0,
        0,
        0,
        0,
        0,
        0,
        0,
        0,
        0,
        0,
        0,
        0,
        0,
        0,
        0,
        0,
        0,
        0,
        0,
        0,
        0,
        2458,
        2459,
        2460,
        2461,
        2462,
        2463,
        2464,
        0,
        0,
        0,
        0,
        0,
        0,
        0,
        0,
        0,
        0,
        0,
        0,
        0,
        0,
        0,
        0,
        0,
        0,
        0,
        0,
        0,
        0,
        0,
        0,
        0,
        0,
        0,
        0,
        0,
        0,
        0,
        0,
        0,
        0,
        0,
        0,
        0,
        0,
        0,
        0,
        0,
        0,
        0,
        2778,
        2779,
        2780,
        2781,
        2782,
        2783,
        2784,
        0,
        0,
        0,
        0,
        0,
        0,
        0,
        0,
        0,
        0,
        0,
        0,
        0,
        0,
        0,
        0,
        0,
        0,
        0,
        0,
        0,
        0,
        0,
        0,
        0,
        0,
        0,
        0,
        0,
        0,
        0,
        0,
        0,
        0,
        0,
        0,
        0,
        0,
        0,
        0,
        0,
        0,
        0
      ],
      "height": 20,
      "id": 13,
      "name": "Camada de Blocos 2",
      "opacity": 1,
      "type": "tilelayer",
      "visible": true,
      "width": 50,
      "x": 0,
      "y": 0
    },
    {
      "data": [
        0,
        0,
        0,
        0,
        0,
        0,
        0,
        0,
        0,
        0,
        0,
        0,
        0,
        0,
        0,
        0,
        0,
        0,
        0,
        0,
        0,
        0,
        0,
        0,
        0,
        0,
        0,
        0,
        0,
        0,
        0,
        0,
        0,
        0,
        0,
        0,
        0,
        0,
        0,
        0,
        0,
        0,
        0,
        0,
        0,
        0,
        0,
        0,
        0,
        0,
        0,
        0,
        0,
        0,
        0,
        0,
        0,
        0,
        0,
        0,
        0,
        0,
        0,
        0,
        0,
        0,
        0,
        0,
        0,
        0,
        0,
        0,
        0,
        0,
        0,
        0,
        0,
        0,
        0,
        0,
        0,
        0,
        0,
        0,
        0,
        0,
        0,
        0,
        0,
        0,
        0,
        0,
        0,
        0,
        0,
        0,
        0,
        0,
        0,
        0,
        0,
        0,
        0,
        0,
        0,
        0,
        0,
        0,
        0,
        0,
        0,
        0,
        0,
        0,
        0,
        0,
        0,
        0,
        0,
        0,
        0,
        0,
        0,
        0,
        0,
        0,
        0,
        0,
        0,
        0,
        0,
        0,
        0,
        0,
        0,
        0,
        0,
        0,
        0,
        0,
        0,
        0,
        0,
        0,
        0,
        0,
        0,
        0,
        0,
        0,
        0,
        0,
        0,
        0,
        0,
        0,
        0,
        0,
        0,
        0,
        0,
        0,
        0,
        0,
        0,
        0,
        0,
        0,
        0,
        0,
        0,
        0,
        0,
        0,
        0,
        0,
        0,
        0,
        0,
        0,
        0,
        0,
        0,
        0,
        0,
        0,
        0,
        0,
        0,
        0,
        0,
        0,
        0,
        0,
        0,
        0,
        0,
        0,
        0,
        0,
        0,
        0,
        0,
        0,
        0,
        0,
        0,
        0,
        0,
        0,
        0,
        0,
        0,
        0,
        0,
        0,
        0,
        0,
        0,
        0,
        0,
        0,
        0,
        0,
        0,
        0,
        0,
        0,
        0,
        0,
        0,
        0,
        0,
        0,
        0,
        0,
        0,
        0,
        0,
        0,
        0,
        0,
        0,
        0,
        0,
        0,
        0,
        0,
        0,
        0,
        0,
        0,
        0,
        0,
        60458,
        0,
        0,
        0,
        0,
        0,
        0,
        0,
        0,
        0,
        0,
        0,
        0,
        0,
        0,
        0,
        0,
        0,
        0,
        0,
        0,
        0,
        0,
        0,
        0,
        0,
        0,
        60458,
        0,
        0,
        60458,
        60458,
        0,
        0,
        0,
        0,
        0,
        0,
        0,
        0,
        0,
        0,
        0,
        0,
        0,
        0,
        0,
        0,
        0,
        0,
        60480,
        60458,
        0,
        0,
        0,
        0,
        0,
        0,
        0,
        0,
        0,
        0,
        0,
        0,
        0,
        0,
        0,
        60458,
        0,
        60458,
        0,
        60458,
        0,
        0,
        0,
        0,
        0,
        60480,
        0,
        0,
        60480,
        60480,
        0,
        0,
        0,
        0,
        0,
        0,
        0,
        0,
        0,
        0,
        0,
        0,
        0,
        0,
        0,
        0,
        0,
        0,
        60502,
        60480,
        0,
        0,
        0,
        0,
        0,
        0,
        0,
        0,
        0,
        0,
        0,
        0,
        0,
        0,
        0,
        60480,
        60458,
        60480,
        0,
        60480,
        0,
        0,
        0,
        0,
        0,
        60502,
        0,
        0,
        0,
        60458,
        0,
        0,
        60458,
        0,
        0,
        0,
        0,
        0,
        0,
        0,
        0,
        0,
        0,
        0,
        0,
        0,
        0,
        0,
        0,
        60502,
        0,
        0,
        0,
        60458,
        0,
        0,
        0,
        0,
        0,
        0,
        0,
        0,
        0,
        0,
        0,
        60502,
        60480,
        60502,
        0,
        60502,
        0,
        0,
        0,
        0,
        0,
        0,
        0,
        0,
        0,
        60480,
        0,
        0,
        60480,
        0,
        0,
        0,
        0,
        0,
        0,
        0,
        0,
        0,
        0,
        0,
        0,
        0,
        0,
        0,
        0,
        0,
        0,
        0,
        0,
        60480,
        0,
        0,
        0,
        0,
        0,
        0,
        0,
        0,
        60458,
        0,
        0,
        0,
        60502,
        0,
        0,
        0,
        0,
        0,
        0,
        0,
        0,
        0,
        0,
        0,
        0,
        60502,
        0,
        0,
        60502,
        0,
        0,
        0,
        0,
        0,
        0,
        0,
        0,
        0,
        0,
        0,
        0,
        0,
        0,
        0,
        0,
        0,
        0,
        0,
        0,
        60502,
        0,
        0,
        60458,
        0,
        0,
        0,
        0,
        0,
        60480,
        0,
        0,
        0,
        0,
        0,
        0,
        0,
        0,
        0,
        0,
        0,
        0,
        0,
        0,
        0,
        0,
        0,
        0,
        0,
        0,
        0,
        0,
        0,
        0,
        0,
        0,
        0,
        0,
        0,
        0,
        0,
        0,
        0,
        0,
        0,
        0,
        0,
        0,
        0,
        0,
        0,
        0,
        0,
        60480,
        0,
        0,
        60458,
        0,
        0,
        60502,
        0,
        0,
        0,
        0,
        0,
        0,
        0,
        0,
        0,
        60458,
        0,
        0,
        0,
        0,
        60458,
        0,
        0,
        0,
        0,
        0,
        0,
        0,
        0,
        0,
        0,
        0,
        0,
        0,
        0,
        0,
        0,
        0,
        0,
        0,
        0,
        0,
        0,
        0,
        0,
        0,
        0,
        0,
        0,
        60502,
        0,
        0,
        60480,
        0,
        0,
        0,
        0,
        0,
        0,
        0,
        60458,
        0,
        0,
        0,
        0,
        60480,
        0,
        0,
        0,
        0,
        60480,
        0,
        0,
        0,
        0,
        0,
        0,
        0,
        0,
        0,
        0,
        0,
        0,
        0,
        0,
        0,
        0,
        0,
        0,
        0,
        0,
        0,
        0,
        0,
        0,
        0,
        0,
        0,
        0,
        0,
        0,
        0,
        60502,
        0,
        0,
        0,
        0,
        0,
        0,
        0,
        60480,
        0,
        0,
        0,
        0,
        60502,
        0,
        0,
        0,
        0,
        60502,
        0,
        0,
        0,
        0,
        0,
        0,
        0,
        0,
        60458,
        0,
        0,
        60502,
        0,
        60502,
        0,
        0,
        0,
        0,
        0,
        0,
        0,
        0,
        0,
        0,
        0,
        0,
        0,
        0,
        60502,
        0,
        0,
        0,
        0,
        0,
        0,
        0,
        0,
        0,
        0,
        60502,
        0,
        0,
        0,
        0,
        0,
        0,
        0,
        0,
        0,
        0,
        0,
        0,
        0,
        0,
        0,
        0,
        0,
        0,
        60480,
        0,
        0,
        0,
        0,
        0,
        0,
        0,
        0,
        0,
        0,
        0,
        0,
        0,
        0,
        0,
        0,
        0,
        0,
        0,
        0,
        0,
        0,
        0,
        0,
        0,
        0,
        0,
        0,
        0,
        0,
        0,
        0,
        0,
        0,
        0,
        0,
        0,
        0,
        0,
        0,
        0,
        0,
        0,
        0,
        0,
        0,
        0,
        0,
        0,
        60502,
        0,
        0,
        0,
        0,
        0,
        0,
        0,
        0,
        0,
        0,
        0,
        0,
        0,
        0,
        0,
        0,
        0,
        0,
        0,
        0,
        0,
        0,
        0,
        0,
        0,
        0,
        0,
        0,
        0,
        0,
        0,
        0,
        0,
        0,
        0,
        0,
        0,
        0,
        0,
        0,
        0,
        0,
        0,
        0,
        0,
        0,
        0,
        0,
        0,
        0,
        0,
        0,
        0,
        0,
        0,
        0,
        0,
        0,
        0,
        0,
        0,
        0,
        0,
        0,
        0,
        0,
        0,
        0,
        0,
        0,
        0,
        0,
        0,
        0,
        0,
        0,
        0,
        0,
        0,
        0,
        0,
        0,
        0,
        0,
        0,
        0,
        0,
        0,
        0,
        0,
        0,
        0,
        0,
        0,
        0,
        0,
        0,
        0,
        0,
        0,
        0,
        0,
        0,
        0,
        0,
        0,
        0,
        0,
        0,
        0,
        0,
        0,
        0,
        0,
        0,
        0,
        0,
        0,
        0,
        0,
        0,
        0,
        0,
        0,
        0,
        0,
        0,
        0,
        0,
        0,
        0,
        0,
        0,
        0,
        0,
        0,
        0,
        0,
        0,
        0,
        0,
        0,
        0,
        0,
        0,
        0,
        0,
        0,
        0,
        0,
        0,
        0,
        0,
        0,
        0,
        0,
        0,
        0,
        0,
        0,
        0,
        0,
        0,
        0,
        0,
        0,
        0,
        0,
        0,
        0,
        0,
        0,
        0,
        0,
        0,
        0,
        0,
        0,
        0,
        0,
        0,
        0,
        0,
        0,
        0,
        0,
        0,
        0,
        0,
        0,
        0,
        0,
        0,
        0,
        0,
        0,
        0,
        0,
        0,
        0,
        0,
        0,
        0,
        0,
        0,
        0,
        0
      ],
      "height": 20,
      "id": 14,
      "name": "Camada de Blocos 3",
      "opacity": 1,
      "type": "tilelayer",
      "visible": true,
      "width": 50,
      "x": 0,
      "y": 0
    },
    {
      "data": [
        0,
        0,
        0,
        0,
        0,
        0,
        0,
        0,
        0,
        0,
        0,
        0,
        0,
        0,
        0,
        0,
        0,
        0,
        0,
        0,
        0,
        0,
        0,
        0,
        0,
        0,
        0,
        0,
        0,
        0,
        0,
        0,
        0,
        0,
        0,
        0,
        0,
        0,
        0,
        0,
        0,
        0,
        0,
        0,
        0,
        0,
        0,
        0,
        0,
        0,
        0,
        0,
        0,
        0,
        0,
        0,
        0,
        0,
        0,
        0,
        0,
        0,
        0,
        0,
        0,
        0,
        0,
        0,
        0,
        0,
        0,
        0,
        0,
        0,
        0,
        0,
        0,
        0,
        0,
        0,
        0,
        0,
        0,
        0,
        0,
        0,
        0,
        0,
        0,
        0,
        0,
        0,
        0,
        0,
        0,
        0,
        0,
        0,
        0,
        0,
        0,
        0,
        0,
        0,
        0,
        0,
        0,
        0,
        0,
        0,
        0,
        0,
        0,
        0,
        0,
        0,
        0,
        0,
        0,
        0,
        0,
        0,
        0,
        0,
        0,
        0,
        0,
        0,
        0,
        0,
        0,
        0,
        0,
        0,
        0,
        0,
        0,
        0,
        0,
        0,
        0,
        0,
        0,
        0,
        0,
        0,
        0,
        0,
        0,
        0,
        0,
        0,
        0,
        0,
        0,
        0,
        0,
        0,
        0,
        0,
        0,
        0,
        0,
        0,
        0,
        0,
        0,
        0,
        0,
        0,
        0,
        0,
        0,
        0,
        0,
        0,
        0,
        0,
        0,
        0,
        0,
        0,
        0,
        0,
        0,
        0,
        0,
        0,
        0,
        0,
        0,
        0,
        0,
        0,
        0,
        0,
        0,
        0,
        0,
        0,
        0,
        0,
        0,
        0,
        0,
        0,
        0,
        0,
        0,
        0,
        0,
        0,
        0,
        0,
        0,
        0,
        0,
        0,
        0,
        0,
        0,
        0,
        0,
        0,
        0,
        0,
        0,
        0,
        0,
        0,
        0,
        0,
        0,
        0,
        0,
        0,
        0,
        0,
        0,
        0,
        0,
        0,
        0,
        0,
        0,
        0,
        0,
        0,
        0,
        0,
        0,
        0,
        0,
        0,
        0,
        0,
        0,
        0,
        0,
        0,
        0,
        0,
        0,
        0,
        0,
        0,
        0,
        0,
        0,
        0,
        0,
        60466,
        60467,
        60468,
        60466,
        60467,
        60468,
        0,
        0,
        0,
        60466,
        60467,
        60468,
        0,
        0,
        0,
        0,
        0,
        0,
        0,
        0,
        0,
        0,
        0,
        0,
        0,
        0,
        0,
        0,
        0,
        0,
        0,
        0,
        0,
        60466,
        60467,
        60468,
        0,
        0,
        0,
        0,
        0,
        0,
        0,
        0,
        0,
        0,
        0,
        0,
        0,
        0,
        60488,
        60489,
        60490,
        60488,
        60489,
        60490,
        0,
        0,
        0,
        0,
        0,
        0,
        0,
        0,
        0,
        0,
        0,
        0,
        0,
        0,
        0,
        0,
        0,
        0,
        0,
        0,
        0,
        0,
        0,
        0,
        0,
        0,
        0,
        0,
        0,
        0,
        0,
        0,
        0,
        0,
        0,
        0,
        0,
        0,
        0,
        0,
        0,
        0,
        0,
        0,
        0,
        0,
        0,
        0,
        0,
        0,
        0,
        0,
        0,
        0,
        0,
        0,
        0,
        0,
        0,
        0,
        60466,
        60467,
        60468,
        0,
        0,
        0,
        0,
        0,
        0,
        0,
        0,
        0,
        0,
        0,
        0,
        0,
        0,
        0,
        0,
        0,
        0,
        0,
        0,
        0,
        0,
        0,
        0,
        0,
        0,
        0,
        0,
        0,
        0,
        0,
        0,
        0,
        0,
        0,
        0,
        0,
        0,
        0,
        0,
        0,
        0,
        0,
        0,
        0,
        0,
        0,
        0,
        0,
        0,
        0,
        0,
        0,
        0,
        0,
        0,
        0,
        0,
        0,
        0,
        0,
        0,
        0,
        0,
        0,
        0,
        0,
        0,
        0,
        0,
        0,
        0,
        0,
        0,
        0,
        0,
        0,
        0,
        0,
        0,
        0,
        0,
        0,
        0,
        0,
        0,
        0,
        0,
        0,
        0,
        0,
        0,
        0,
        0,
        0,
        0,
        0,
        0,
        0,
        0,
        0,
        0,
        0,
        0,
        0,
        0,
        0,
        0,
        0,
        0,
        0,
        0,
        0,
        0,
        0,
        0,
        0,
        0,
        0,
        0,
        0,
        60466,
        60467,
        60468,
        0,
        0,
        0,
        0,
        0,
        0,
        0,
        0,
        0,
        0,
        0,
        0,
        0,
        0,
        0,
        0,
        0,
        0,
        0,
        0,
        0,
        0,
        0,
        0,
        0,
        0,
        0,
        0,
        0,
        0,
        0,
        0,
        0,
        0,
        0,
        0,
        0,
        0,
        0,
        0,
        0,
        0,
        0,
        0,
        0,
        0,
        0,
        0,
        0,
        0,
        0,
        0,
        0,
        0,
        0,
        0,
        0,
        0,
        0,
        0,
        0,
        0,
        0,
        0,
        0,
        0,
        0,
        0,
        60466,
        60467,
        60468,
        0,
        0,
        0,
        0,
        0,
        0,
        0,
        0,
        0,
        0,
        0,
        0,
        0,
        0,
        0,
        0,
        0,
        0,
        0,
        0,
        0,
        0,
        0,
        0,
        0,
        0,
        0,
        0,
        0,
        0,
        0,
        0,
        0,
        0,
        0,
        0,
        0,
        60466,
        60467,
        60468,
        0,
        0,
        0,
        0,
        0,
        0,
        0,
        0,
        0,
        0,
        0,
        0,
        0,
        0,
        0,
        0,
        0,
        0,
        0,
        0,
        0,
        0,
        0,
        0,
        0,
        0,
        0,
        0,
        0,
        0,
        0,
        0,
        0,
        0,
        0,
        0,
        0,
        0,
        0,
        0,
        0,
        0,
        0,
        0,
        0,
        0,
        0,
        0,
        0,
        0,
        0,
        0,
        0,
        0,
        0,
        0,
        0,
        0,
        0,
        0,
        0,
        0,
        0,
        0,
        0,
        0,
        0,
        0,
        0,
        0,
        0,
        0,
        0,
        0,
        0,
        0,
        0,
        0,
        0,
        0,
        0,
        0,
        0,
        0,
        0,
        0,
        0,
        0,
        0,
        0,
        0,
        0,
        0,
        0,
        0,
        0,
        0,
        0,
        0,
        0,
        0,
        0,
        0,
        0,
        0,
        0,
        0,
        0,
        0,
        0,
        0,
        0,
        0,
        0,
        0,
        0,
        0,
        0,
        0,
        0,
        0,
        0,
        0,
        0,
        0,
        0,
        0,
        0,
        0,
        0,
        0,
        0,
        0,
        0,
        0,
        0,
        0,
        0,
        0,
        0,
        0,
        0,
        0,
        0,
        0,
        0,
        0,
        0,
        0,
        0,
        0,
        0,
        0,
        0,
        0,
        0,
        0,
        0,
        0,
        0,
        0,
        0,
        0,
        0,
        0,
        0,
        0,
        0,
        0,
        0,
        0,
        0,
        0,
        0,
        0,
        60488,
        60489,
        60489,
        60489,
        60489,
        60489,
        60489,
        60489,
        60489,
        60489,
        60489,
        60489,
        60489,
        60489,
        60489,
        60489,
        60489,
        60489,
        60489,
        60489,
        60489,
        60489,
        60489,
        60489,
        60489,
        60489,
        60489,
        60489,
        60489,
        60489,
        60489,
        60489,
        60489,
        60489,
        60489,
        60489,
        60489,
        60489,
        60489,
        60489,
        60489,
        60489,
        60489,
        60489,
        60489,
        60489,
        60489,
        60489,
        60489,
        60489,
        60488,
        60489,
        60489,
        60489,
        60489,
        60489,
        60489,
        60489,
        60489,
        60489,
        60489,
        60489,
        60489,
        60489,
        60489,
        60489,
        60489,
        60489,
        60489,
        60489,
        60489,
        60489,
        60489,
        60489,
        60489,
        60489,
        60489,
        60489,
        60489,
        60489,
        60489,
        60489,
        60489,
        60489,
        60489,
        60489,
        60489,
        60489,
        60489,
        60489,
        60489,
        60489,
        60489,
        60489,
        60489,
        60489,
        60489,
        60489,
        60489,
        60489,
        60488,
        60489,
        60489,
        60489,
        60489,
        60489,
        60489,
        60489,
        60489,
        60489,
        60489,
        60489,
        60489,
        60489,
        60489,
        60489,
        60489,
        60489,
        60489,
        60489,
        60489,
        60489,
        60489,
        60489,
        60489,
        60489,
        60489,
        60489,
        60489,
        60489,
        60489,
        60489,
        60489,
        60489,
        60489,
        60489,
        60489,
        60489,
        60489,
        60489,
        60489,
        60489,
        60489,
        60489,
        60489,
        60489,
        60489,
        60489,
        60489,
        60489,
        60488,
        60489,
        60489,
        60489,
        60489,
        60489,
        60489,
        60489,
        60489,
        60489,
        60489,
        60489,
        60489,
        60489,
        60489,
        60489,
        60489,
        60489,
        60489,
        60489,
        60489,
        60489,
        60489,
        60489,
        60489,
        60489,
        60489,
        60489,
        60489,
        60489,
        60489,
        60489,
        60489,
        60489,
        60489,
        60489,
        60489,
        60489,
        60489,
        60489,
        60489,
        60489,
        60489,
        60489,
        60489,
        60489,
        60489,
        60489,
        60489,
        60489
      ],
      "height": 20,
      "id": 1,
      "name": "Camada de Blocos 1",
      "opacity": 1,
      "type": "tilelayer",
      "visible": true,
      "width": 50,
      "x": 0,
      "y": 0
    }
  ],
  "nextlayerid": 15,
  "nextobjectid": 1,
  "orientation": "orthogonal",
  "renderorder": "right-down",
  "tiledversion": "1.11.2",
  "tileheight": 16,
  "tilesets": [
    {
      "firstgid": 1,
      "name": "AllSprites",
      "tilewidth": 16,
      "tileheight": 16,
      "tilecount": 57600,
      "columns": 320,
      "image": "CastorC_Forest_PixelPack/CastorC_Forest_PixelPack/AllSprites.png",
      "imagewidth": 5120,
      "imageheight": 2880,
      "margin": 0,
      "spacing": 0
    },
    {
      "firstgid": 57601,
      "name": "Background",
      "tilewidth": 16,
      "tileheight": 16,
      "tilecount": 2842,
      "columns": 58,
      "image": "Free Pixel Art Forest/Free Pixel Art Forest/Preview/Background.png",
      "imagewidth": 928,
      "imageheight": 793,
      "margin": 0,
      "spacing": 0
    },
    {
      "firstgid": 60443,
      "name": "dark_castle_tileset",
      "tilewidth": 16,
      "tileheight": 16,
      "tilecount": 242,
      "columns": 22,
      "image": "dark_castle_tileset.png",
      "imagewidth": 358,
      "imageheight": 179,
      "margin": 0,
      "spacing": 0
    }
  ],
  "tilewidth": 16,
  "type": "map",
  "version": "1.10",
  "width": 50
}
